<?xml version="1.0" encoding="UTF-8"?>
<project-private xmlns="http://www.netbeans.org/ns/project-private/1">
    <editor-bookmarks xmlns="http://www.netbeans.org/ns/editor-bookmarks/2" lastBookmarkId="0"/>
    <open-files xmlns="http://www.netbeans.org/ns/projectui-open-files/2">
        <group>
            <file>file:/mnt/HD-500/projetos/ads20192-modulo3/gp/Torrentz/TorrentzFilmes/src/br/com/torrentz/app/AppUsuario.java</file>
            <file>file:/mnt/HD-500/projetos/ads20192-modulo3/gp/Torrentz/TorrentzFilmes/src/br/com/torrentz/app/AppVisualizacao.java</file>
            <file>file:/mnt/HD-500/projetos/ads20192-modulo3/gp/Torrentz/TorrentzFilmes/src/br/com/torrentz/app/TelaDeCadastroDePlanos.java</file>
            <file>file:/mnt/HD-500/projetos/ads20192-modulo3/gp/Torrentz/TorrentzFilmes/src/br/com/torrentz/app/telaCategorias.java</file>
        </group>
    </open-files>
</project-private>
